3469,3821,"Buddy Buie",NULL,"Male",NULL,"American South","Dothan, Alabama","Buie","Buddy",NULL
17405,19371,"Ernie Bullock",NULL,"Male",NULL,NULL,NULL,"Bullock","Ernie",NULL
15485,17272,"Bill Bundy",NULL,"Male",NULL,NULL,NULL,"Bundy","Bill ",NULL
8594,9717,"Nico Bunink",NULL,"Male","1936-04-22T00:00:00",NULL,"Amsterdam, Holland","Bunink","Nico","2001-12-26T00:00:00"
3571,3929,"Larry Bunker",NULL,"Male","1928-11-04T00:00:00","USA","Long Beach, California","Bunker","Larry",NULL
8731,9860,"Jimmy Bunn","James Bunn","Male","1926-01-01T00:00:00",NULL,NULL,"Bunn","Jimmy","1997-01-01T00:00:00"
17634,19618,"Teddy Bunn",NULL,"Male","1909-01-01T00:00:00","Northeast US","Freeport, New York","Bunn","Teddy","1909-12-31T00:00:00"
4336,4760,"Gordon Burdge",NULL,"Male",NULL,NULL,NULL,"Burdge","Gordon",NULL
17912,19901,"Dick Burg",NULL,"Male",NULL,NULL,NULL,"Burg","Dick",NULL
8910,10053,"Lawrence Burgan","\"Skinny\"","Male",NULL,NULL,NULL,"Burgan","Lawrence",NULL
8112,9203,"Bob Burgess",NULL,"Male","1929-10-04T00:00:00","USA","Centralia, Illinois","Burgess","Bob","1929-10-04T00:00:00"
20941,24832,"Joe Burke","Joseph A. Burke","Male","1884-03-18T00:00:00",NULL,"Philadelphia, PA","Burke","Joe","1950-06-09T00:00:00"
20255,23714,"Vinnie Burke","Vincenzo Bucci","Male","1921-03-15T00:00:00",NULL,"Newark, NJ","Burke","Vinnie","2001-02-01T00:00:00"
1785,2033,"Johnny Burke",NULL,"Male","1908-10-03T00:00:00","West Coast, US","Antioch, California","Burke","Johnny",NULL
20941,24832,"Joe Burke","Joseph A. Burke","Male","1884-03-18T00:00:00",NULL,"Philadelphia, PA","Burke","Joe","1950-06-09T00:00:00"
572,660,"Sascha Burland","Granville Burland","Male",NULL,NULL,NULL,"Burland","Sascha",NULL
14303,15960,"Dan Burley",NULL,"Male","1962-09-29T00:00:00",NULL,"Chicago, IL","Burley","Dan","1962-09-29T00:00:00"
3347,3692,"Ernie Burnett",NULL,"Male","1884-12-19T00:00:00","USA","Cincinatti, Ohio","Burnett","Ernie",NULL
6691,7650,"Hayes Burnett",NULL,"Male",NULL,"USA","Buffalo, New York","Burnett","Hayes",NULL
3529,3887,"Dave Burns",NULL,"Male","1924-03-05T00:00:00","USA","Perth Amboy, New Jersey","Burns","Dave",NULL
14983,16732,"Ralph Burns",NULL,"Male","1922-06-29T00:00:00","USA","Newton, Massachusetts","Burns","Ralph","1922-06-29T00:00:00"
537,623,"Kenny Burrell",NULL,"Male","1931-07-31T00:00:00","Midwest US","Detroit, MI","Burrell","Kenny",NULL
3841,4211,"Jim Burris",NULL,"Male",NULL,"USA",NULL,"Burris","Jim",NULL
2361,2631,"Francesco Burrull",NULL,"Male",NULL,NULL,NULL,"Burrull","Francesco",NULL
11617,12965,"Gary Burton",NULL,"Male","1943-01-23T00:00:00",NULL,"Anderson, IN","Burton","Gary","1943-01-23T00:00:00"
16276,18152,"Buddy Burton","Evans Burton, Jr, W.E. Burton","Male",NULL,"Southern US","Louisville, Kentucky","Burton","Buddy",NULL
3131,3462,"Clifford Burwell",NULL,"Male","1898-01-01T00:00:00","Northeast US","New Haven, CT","Burwell","Clifford",NULL
5720,6322,"Lennie Bush",NULL,"Male","1927-06-06T00:00:00","London, England","London, England","Bush","Lennie","2004-06-15T00:00:00"
2642,2927,"Garvin Bushell",NULL,"Male","1902-09-25T00:00:00","Midwest US","Springfield, OH","Bushell","Garvin",NULL
13475,15077,"Joe Bushkin",NULL,"Male","1916-11-07T00:00:00","USA","New York, New York","Bushkin","Joe","1916-11-07T00:00:00"
7474,8511,"Bob Bushnell",NULL,"Male",NULL,NULL,NULL,"Bushnell","Bob",NULL
2584,2866,"Eddie Busnello","Victor Edouard Busnello","Male",NULL,"Western Europe","Italy","Busnello","Eddie",NULL
7287,8313,"William Butler ",NULL,"Male",NULL,NULL,NULL,"Butler","William",NULL
2416,2688,"Don Butterfield",NULL,"Male","1923-04-01T00:00:00","West Coast US","Centralia, WA","Butterfield","Don",NULL
9941,11215,"Jimmy Butts",NULL,"Male","1917-09-24T00:00:00","USA",NULL,"Butts","Jimmy","1917-09-24T00:00:00"
2419,2691,"Jaki Byard","Jacky Byard","Male","1922-06-15T00:00:00","Northeast US","Worcester, MA","Byard","Jaki","1922-06-15T00:00:00"
58,70,"Don Byas","Carlos Wesley Byas","Male","1912-10-21T00:00:00","Midwestern US","Muskogee, OK","Byas","Don","1972-08-24T00:00:00"
4032,4418,"Billy Byers",NULL,"Male","1927-05-01T00:00:00","USA","Los Angeles, California","Byers","Billy","1927-05-01T00:00:00"
17753,19740,"Olivia Byington",NULL,"Female","1958-12-24T00:00:00",NULL,"Rio de Janeiro, Brazil","Byington","Olivia","1958-12-24T00:00:00"
17593,19577,"Taylor Ho Bynum",NULL,"Male",NULL,NULL,"Baltimore, MD","Bynum ","Taylor Ho",NULL
5131,5643,"Billy Byrd",NULL,"Male",NULL,NULL,NULL,"Byrd","Billy",NULL
15010,16769,"Charlie Byrd","Charlie Lee Byrd","Male","1925-09-16T00:00:00",NULL,"Chuckatuck, VA","Byrd","Charlie","1999-12-02T00:00:00"
119,131,"Donald Byrd",NULL,NULL,NULL,NULL,NULL,"Byrd","Donald ",NULL
9694,10945,"Marvin Cabell",NULL,"Male",NULL,NULL,NULL,"Cabell","Marvin",NULL
12823,14360,"Ernie Caceres",NULL,"Male","1911-11-22T00:00:00","USA","Rockport, Texas","Caceres","Ernie ","1911-11-22T00:00:00"
18721,20803,"Alexandre Caçote",NULL,"Male",NULL,"Brazil",NULL,"Caçote","Alexandre",NULL
667,765,"Ozzie Cadena",NULL,"Male","1924-09-26T00:00:00","Northeast US","Oklahoma City, OK","Cadena","Ozzie",NULL
704,806,"Irving Caesar",NULL,"Male","1895-07-04T00:00:00","Northeast US","New York, NY","Caesar","Irving",NULL
1239,1427,"Sammy Cahn",NULL,"Male","1913-06-18T00:00:00","Northeast","New York, NY","Cahn","Sammy",NULL
10622,11924,"Eddie Caine",NULL,"Male",NULL,NULL,NULL,"Caine","Eddie",NULL
15471,17257,"Giorgio Calabrese",NULL,"Male","1929-03-28T00:00:00","Western Europe","Genova, Italy","Calabrese","Giorgio","1929-03-28T00:00:00"
17457,19426,"Luca Calabrese",NULL,"Male","1964-01-22T00:00:00","Italy",NULL,"Calabrese","Luca","1964-01-22T00:00:00"
17519,19491,"Happy Caldwell","Albert W. Caldwell, Cauldwell (the latter is incorrect)","Male","1903-07-25T00:00:00","Midwest US","Chicago, Illinois","Caldwell","Happy","1903-07-25T00:00:00"
12897,14442,"Anne Caldwell","Anne Caldwell O’Dea","Female",NULL,NULL,"Boston, MA","Caldwell","Anne",NULL
20745,24521,"George Caldwell","Sabu","Male",NULL,NULL,NULL,"Caldwell","George",NULL
18279,20293,"Hadley Caliman",NULL,"Male","2013-01-12T00:00:00","Western US","Los Angeles, California (?)","Caliman","Hadley","2013-01-12T00:00:00"
18061,20069,"Joaquim Antônio Callado","Joaquim Antônio da Silva Callado, Jr.","Male","1848-07-11T00:00:00",NULL,"Rio de Janeiro, Brazil","Callado","Joaquim Antônio","1880-03-20T00:00:00"
5602,6168,"Red Callender",NULL,"Male","1916-03-06T00:00:00","USA","Haynesville, Virginia","Callender","Red","1916-03-06T00:00:00"
1278,1468,"Cab Calloway",NULL,"Male","1907-12-25T00:00:00","Northeast US","Rochester, NY","Calloway","Cab",NULL
13511,15115,"Mike Caluccio",NULL,"Male",NULL,NULL,NULL,"Caluccio","Mike",NULL
6163,6959,"Cesar Camargo Mariano",NULL,"Male","1943-09-19T00:00:00","South America","Sao Paolo, Brazil","Camargo Mariano","Cesar","1943-09-19T00:00:00"
14514,16197,"Robert Cambier",NULL,"Male",NULL,NULL,NULL,"Cambier","Robert",NULL
1276,1466,"Candido Camero",NULL,"Male","1921-04-22T00:00:00","Caribean","Havana, Cuba","Camero","Candido",NULL
14838,16565,"Don Cameron",NULL,"Male",NULL,NULL,NULL,"Cameron","Don",NULL
17687,19673,"Alcides Aguiar Caminha","Carlos Zéfiro","Male","1921-09-26T00:00:00",NULL,"Rio de Janeiro, Brazil","Caminha","Alcides Aguiar","1992-07-05T00:00:00"
14078,15714,"Hamilton Camp",NULL,"Male","1934-10-30T00:00:00","London, England",NULL,"Camp","Hamilton","2005-10-02T00:00:00"
14040,15671,"Paul Campbell","Cydner Paul Campbell","Male",NULL,NULL,NULL,"Campbell","Paul",NULL
4712,5183,"Wilbur Campbell",NULL,"Male","1926-07-30T00:00:00","USA","Chicago, Illinois","Campbell","Wilbur",NULL
120,132,"Billy Campbell",NULL,NULL,NULL,NULL,NULL,"Campbell","Billy",NULL
3934,4314,"Jimmy Campbell",NULL,"Male","1903-01-01T00:00:00","United Kingdom","Newcastle-on-Tyne, England (exact DOB unknown)","Campbell","Jimmy",NULL
18532,20550,"Rodrigo Campello","Rodrigo Campello de Souza Ribeiro","Male",NULL,NULL,"Sao Paulo, Brazil","Campello","Rodrigo",NULL
7401,8433,"Gigi Campi",NULL,"Male","1928-12-15T00:00:00","Europe","Koln, Germany","Campi","Gigi","1928-12-15T00:00:00"
1427,1624,"Pupi Campo",NULL,"Male","1920-05-01T00:00:00","Caribbean","Havana, Cuba","Campillo","Jacinto ",NULL
7573,8614,"Frank Campo",NULL,"Male","1927-01-01T00:00:00","USA","New York, New York","Campo","Frank","1927-12-31T00:00:00"
4594,5048,"Joaquim Campos da Silva",NULL,"Male",NULL,NULL,NULL,"Campos da Silva","Joaquim",NULL
3567,3925,"Pete Candoli","Walter Joseph Candoli","Male","1923-06-28T00:00:00","USA","Mishawaka, Indiana","Candoli","Pete",NULL
6114,6905,"Conte Candoli",NULL,"Male","1927-07-12T00:00:00","USA","Mishawaka, Indiana","Candoli","Conte","1927-07-12T00:00:00"
3258,3594,"Hughie Cannon",NULL,"Male","1877-05-11T00:00:00","Midwest US","Detroit, MI","Cannon","Hughie",NULL
20387,23862,"Umberto Canto","Humberto Canto","Male",NULL,NULL,NULL,"Canto","Umberto",NULL
12441,13878,"Sam Caplan","Sam Kaplan","Male",NULL,NULL,NULL,"Caplan","Sam",NULL
1536,1750,"Willie Capo",NULL,NULL,NULL,NULL,NULL,"Capo","Willie",NULL
4087,4475,"Giovanni Capurro",NULL,"Male","2012-02-05T00:00:00","Western Europe","Naples, Italy","Capurro","Giovanni ",NULL
18389,20405,"Roy J. Carew","Ed Werac","Male","1883-12-15T00:00:00","Midwestern US","Mecosta, Michigan","Carew","Roy","1883-12-15T00:00:00"
4983,5483,"Bill Carey",NULL,"Male","1916-01-01T00:00:00","USA","Holister, California","Carey","Bill",NULL
14648,16340,"Bob Carey",NULL,"Male",NULL,NULL,NULL,"Carey","Bob",NULL
16821,18738,"Alvaro Carillo",NULL,"Male","1921-12-02T00:00:00","Central America","San Juan Cacahuatepec, Oaxaca, Mexico","Carillo","Alvaro","1921-12-02T00:00:00"
9907,24329,"Frankie Carle","Francis Nuzio Carlone, Francisco Carlone","Male","1903-03-25T00:00:00","New England Conservatory","Providence, RI","Carle","Frankie","2001-03-07T00:00:00"
9907,24329,"Frankie Carle","Francis Nuzio Carlone, Francisco Carlone","Male","1903-03-25T00:00:00","New England Conservatory","Providence, RI","Carle","Frankie","2001-03-07T00:00:00"
14228,15877,"Frank Carlson",NULL,"Male",NULL,NULL,NULL,"Carlson","Frank",NULL
563,651,"Rune Carlsson",NULL,"Male",NULL,"Europe, Scandinavia","Sweden","Carlson","Rune",NULL
18655,20711,"Jack Carmen",NULL,"Male",NULL,NULL,NULL,"Carmen","Jack",NULL
1662,1895,"Hoagy Carmichael",NULL,"Male","1899-11-22T00:00:00","Midwest US","Bloomington, IN","Carmichael","Hoagland",NULL
4656,5113,"Harry Carney",NULL,"Male","1910-04-01T00:00:00","USA","Boston, Massachusetts","Carney","Harry",NULL
14042,15673,"Thelma Carpenter",NULL,"Female","1922-01-15T00:00:00",NULL,"Brooklyn, NY","Carpenter","Thelma","1997-05-14T00:00:00"
1317,1509,"Richard Carpenter",NULL,"Male",NULL,NULL,NULL,"Carpenter","Richard",NULL
18659,20715,"Ike Carpenter","Isaac M. Carpenter","Male","1920-03-11T00:00:00","Southern US","Durham, North Carolina","Carpenter","Ike","1920-03-11T00:00:00"
9510,10752,"Leroy Carr",NULL,"Male","1905-03-27T00:00:00","Indianapolis, IN","Nashville, TN","Carr","Leroy","1935-04-29T00:00:00"
7300,8326,"Mancy Carr","Peck Carr","Male","1900-01-01T00:00:00","USA","Charleston, West Virginia","Carr","Mancy","1900-12-31T00:00:00"
3711,4074,"Mike Carr",NULL,"Male","1937-12-07T00:00:00","United Kingdom","South Shields, County Durham, England","Carr","Mike",NULL
5385,5928,"Diahann Carroll",NULL,"Female","1935-07-17T00:00:00","New York, NY","New York, NY","Carroll","Diahann",NULL
5631,6197,"Baikida Carroll",NULL,"Male","1947-01-15T00:00:00","USA","St. Louis, Missouri","Carroll","Baikida","1947-01-15T00:00:00"
14765,16474,"Jimmy Carroll",NULL,"Male","1913-12-13T00:00:00","USA","New York, New York","Carroll","Jimmy","1913-12-13T00:00:00"
14565,16252,"Joe Carroll",NULL,"Male","1919-11-25T00:00:00",NULL,"Philadelphia, PA","Carroll","Joe","1981-02-01T00:00:00"
9727,10981,"Robert Carroll","Bob Carroll","Male","1905-01-01T00:00:00",NULL,NULL,"Carroll","Robert","1905-12-31T00:00:00"
12887,21650,"Scoops Carry","George Scoops Carry","Male",NULL,"Chicago, IL",NULL,"Carry","Scoops",NULL
12887,21650,"Scoops Carry","George Scoops Carry, Scoops Carey","Male","1915-01-23T00:00:00","Midwest US","Chicago, Illinois","Carry","Scoops","1915-01-23T00:00:00"
15660,17455,"Norma Carson",NULL,"Female",NULL,NULL,NULL,"Carson","Norma",NULL
10288,11571,"Chuck Carter",NULL,"Male",NULL,NULL,NULL,"Carter","Chuck",NULL
7044,8041,"Kent Carter",NULL,"Male","1939-06-14T00:00:00","New York City","Hanover, NH","Carter","Kent","1939-06-14T00:00:00"
356,368,"Ron Carter",NULL,"Male","1937-05-04T00:00:00","Southern US","Ferndale, MI","Carter","Ron",NULL
1013,1170,"Benny Carter",NULL,"Male","1907-08-08T00:00:00","Northeast US","New York, NY","Carter","Benny",NULL
7597,8642,"Bob Carter","Robert Kahakalau","Male","1922-02-11T00:00:00","USA","New Haven, Connecticut","Carter","Bob","1922-02-11T00:00:00"
619,711,"John Carter",NULL,"Male","1929-09-24T00:00:00","Western US","Fort Worth, TX","Carter","John",NULL
20082,23498,"Betty Carter","Lillie Mae Jones","Female","1929-05-16T00:00:00",NULL,"Flint, Michigan","Carter","Betty","1998-09-26T00:00:00"
5528,6091,"Erin Carter",NULL,"Female",NULL,NULL,NULL,"Carter","Erin",NULL
5529,6092,"Akili John Carter",NULL,"Male",NULL,NULL,NULL,"Carter","Akili John",NULL
5530,6093,"Jamaal Carter",NULL,"Male",NULL,NULL,NULL,"Carter","Jamaal",NULL
5531,6094,"Erica Carter",NULL,"Female",NULL,NULL,NULL,"Carter","Erica",NULL
17700,19686,"Cartola","Angenor de Oliveira","Male","1908-10-11T00:00:00",NULL,"Rio de Janeiro, Brazil","Cartola","Cartola","1980-11-30T00:00:00"
4773,5253,"Enrico Caruso",NULL,"Male",NULL,NULL,NULL,"Caruso","Enrico ",NULL
17658,19643,"Tavito","Luís Otávio de Melo Carvalho","Male","1948-01-26T00:00:00","Brazil",NULL,"Carvalho","Tavito","1948-01-26T00:00:00"
7015,8009,"Dick Cary","Richard Durant Cary","Male","1916-07-10T00:00:00","New York City","Hartford, CT","Cary","Dick","1994-04-06T00:00:00"
13961,15585,"Joe Casalaro",NULL,"Male",NULL,NULL,NULL,"Casalaro","Joe",NULL
19987,23303,"Jack Cascales","Juan Adolfo Cascales","Male","1918-01-01T00:00:00","Los Angeles, California","Mexico","Cascales","Jack","1918-12-31T00:00:00"
18747,20839,"Al Casey","Albert Aloysius Casey","Male","1915-09-15T00:00:00","Southern US","Louisville, Kentucky","Casey","Al","1915-09-15T00:00:00"
6664,7581,"Kenneth Casey",NULL,"Male","1899-01-10T00:00:00",NULL,NULL,"Casey","Kenneth","1965-08-10T00:00:00"
6119,6911,"Sam Cassano",NULL,"Male",NULL,NULL,NULL,"Cassano","Sam",NULL
17164,19117,"Agnes Castleton","Agnes Castelton","Female",NULL,NULL,NULL,"Castleton","Agnes",NULL
705,807,"Leonello Casucci",NULL,"Male",NULL,NULL,NULL,"Casucci","Leonello",NULL
7883,8951,"George Cates",NULL,"Male","1919-10-11T00:00:00","New York City","New York, NY","Cates","George","2010-05-10T00:00:00"
5209,5729,"Buddy Catlett",NULL,"Male","1933-05-13T00:00:00","Seattle, WA","Long Beach, CA","Catlett","Buddy",NULL
10358,11656,"Sid Catlett","Big Sid, Sidney Catlett","Male","1910-01-17T00:00:00","USA","Evansville, Indiana","Catlett","Sid","1910-01-17T00:00:00"
17146,19097,"William Cato","William Kato, Bill Cato","Male",NULL,NULL,NULL,"Cato","William",NULL
15187,16954,"Roy Caton",NULL,"Male",NULL,NULL,NULL,"Caton","Roy",NULL
18518,20536,"Almazor Cavalcante",NULL,"Male",NULL,"Brazil",NULL,"Cavalcante","Almazor",NULL
17474,19443,"Daniele Cavallanti",NULL,"Male",NULL,NULL,"Milan, Italy","Cavallanti","Daniele",NULL
20504,24093,"James Cavanaugh",NULL,"Male",NULL,NULL,NULL,"Cavanaugh","James",NULL
17686,19672,"Nelson Cavaquinho","Nelson Antônio da Silva","Male","1911-10-29T00:00:00",NULL,"Rio de Janeiro, Brazil","Cavaquinho","Nelson","1986-02-18T00:00:00"
14205,15854,"John Cave",NULL,"Male",NULL,NULL,NULL,"Cave","John",NULL
18016,20022,"Dorival Caymmi",NULL,"Male","1914-04-30T00:00:00",NULL,"Salvador, Bahia, Brazil","Caymmi","Dorival","2008-08-16T00:00:00"
18360,20375,"Danilo Caymmi","Danilo Candido Tostes Caymmi","Male","1948-03-07T00:00:00",NULL,"Rio de Janeiro, Brazil","Caymmi","Danilo","1948-03-07T00:00:00"
2374,2644,"Franco Cerri",NULL,"Male","1926-01-29T00:00:00","Europe","Milan, Italy","Cerri","Franco",NULL
18511,20529,"Chico Chagas",NULL,"Male","1971-05-23T00:00:00",NULL,"Rio Branco, Brazil","Chagas","Chico","1971-05-23T00:00:00"
7439,8474,"Jules Chaiken",NULL,"Male",NULL,NULL,NULL,"Chaiken","Jules",NULL
8007,9089,"Jean-Pierre Chalbos",NULL,"Male",NULL,"Paris, France",NULL,"Chalbos","Jean-Pierre",NULL
9402,10638,"Serge Chaloff",NULL,"Male","1923-11-24T00:00:00","Boston, MA","Boston, MA","Chaloff","Serge","1957-07-16T00:00:00"
5946,6720,"Jan Chalupský",NULL,NULL,NULL,"Czechoslovakia",NULL,"Chalupský","Jan",NULL
2822,3113,"Joe Chambers",NULL,"Male","1942-06-25T00:00:00","Southeast US","Stoneacre, VA","Chambers","Joseph",NULL
20685,24449,"Jim Chambers",NULL,"Male",NULL,NULL,NULL,"Chambers","Jim",NULL
150,162,"Paul Chambers",NULL,"Male","1935-04-22T00:00:00","Midwest US","Pittsburgh, PA","Chambers","Paul","1969-01-04T00:00:00"
4323,4747,"Dominique Chanson",NULL,"Male",NULL,NULL,NULL,"Chanson","Dominique",NULL
4767,5246,"Charlie Chaplin",NULL,"Male","1889-04-16T00:00:00","United Kingdom","London, England","Chaplin","Charlie",NULL
5117,5629,"Saul Chaplin",NULL,"Male","1912-02-19T00:00:00","USA","Brooklyn, New York","Chaplin","Saul",NULL
14258,15912,"Atlee Chapman",NULL,"Male",NULL,NULL,NULL,"Chapman","Atlee",NULL
1751,1999,"Marc Charig","Mark","Male","1944-02-22T00:00:00","United Kingdom","London, England","Charig","Marc",NULL
18672,20729,"Philip Charig",NULL,"Male","1902-08-31T00:00:00","Northeast US","New York, New York","Charig","Philip","1902-08-31T00:00:00"
6882,7858,"Jacques Charles",NULL,"Male",NULL,NULL,NULL,"Charles","Jacques",NULL
15329,17104,"Denis Charles",NULL,"Male","1933-12-04T00:00:00",NULL,"St. Croix, Virgin Islands","Charles","Denis","1933-12-04T00:00:00"
19316,21731,"Hersh Charles",NULL,"Male",NULL,NULL,NULL,"Charles","Hersh",NULL
2029,2286,"Teddy Charles",NULL,"Male","1928-04-13T00:00:00","Northeast US","Chicopee Falls, MA","Charles","Teddy",NULL
2149,2407,"Newell Chase",NULL,"Male","1904-02-03T00:00:00","Northeast US","West Roxbury, MA","Chase","Newell",NULL
4877,5365,"Jean-Louis Chautemps",NULL,"Male","1931-08-06T00:00:00",NULL,"Paris, France","Chautemps","Jean-Louis",NULL
11925,13307,"Jimmy Cheatham","James Cheatham","Male","1924-06-18T00:00:00","USA","Birmingham, Alabama","Cheatham","Jimmy","1924-06-18T00:00:00"
1087,1266,"Don Cherry",NULL,"Male","1936-11-18T00:00:00","Midwest US","Oklahoma City, OK","Cherry","Don",NULL
7790,8852,"Christian Chevallier",NULL,"Male","1930-07-12T00:00:00","Europe","Angers, Maine-et-Loire, France","Chevallier","Christian","1930-07-12T00:00:00"
6308,7139,"Kaoru Chiba","Bachi","Male","1928-01-01T00:00:00","Japan","Beppu, Japan","Chiba","Kaoru","2008-01-01T00:00:00"
14396,16055,"Buddy Childers",NULL,"Male","1926-02-12T00:00:00",NULL,"St. Louis, MO","Childers","Buddy","2007-05-24T00:00:00"
11607,12955,"Jon Christensen",NULL,"Male","1943-03-20T00:00:00",NULL,"Oslo, Norway","Christensen","Jon","1943-03-20T00:00:00"
4710,5181,"Jodie Christian",NULL,"Male","1932-02-03T00:00:00","USA","Chicago, Illinois","Christian","Jodie",NULL
11182,12525,"Charlie Christian",NULL,"Male","1916-07-29T00:00:00","Oklahoma City, OK",NULL,"Christian","Charlie","1942-03-02T00:00:00"
3799,4168,"Keith Christie",NULL,"Male","1931-01-06T00:00:00","United Kingdom","Blackpool, Lancashire, England","Christie","Keith",NULL
4062,4449,"Henri Christine",NULL,"Male","1867-12-27T00:00:00","Europe","Geneva, Switzerland","Christine","Henri",NULL
14100,15738,"June Christy",NULL,"Female","1925-11-20T00:00:00",NULL,"Springfield, IL","Christy","June","1990-06-21T00:00:00"
11195,12538,"Frank Churchill",NULL,"Male","1901-10-20T00:00:00","Los Angeles, CA","Rumford, Maine","Churchill","Frank","1942-05-14T00:00:00"
9702,10953,"Bob Ciano",NULL,"Male",NULL,NULL,NULL,"Ciano","Bob",NULL
14399,16058,"Joe Ciavardone",NULL,"Male",NULL,NULL,NULL,"Ciavardone","Joe",NULL
13614,15223,"Angelo Cicalese",NULL,"Male",NULL,NULL,NULL,"Cicalese","Angelo",NULL
14392,16051,"Mike Cicchetti",NULL,"Male",NULL,NULL,NULL,"Cicchetti","Mike",NULL
3092,3421,"Osvaldo Cigno",NULL,"Male",NULL,NULL,NULL,"Cigno","Osvaldo ",NULL
20254,23713,"Joe Cinderella","Joseph Cinderella","Male","1929-06-14T00:00:00",NULL,"Newark, NJ","Cinderella","Joe","1929-06-14T00:00:00"
2568,2850,"Sunny Clapp",NULL,NULL,NULL,NULL,NULL,"Clapp","Sunny",NULL
6096,6887,"Sidney Clare",NULL,"Male","1892-08-15T00:00:00","New York","New York, NY","Clare","Sidney","1972-08-29T00:00:00"
13653,15264,"The Clarinades",NULL,NULL,NULL,NULL,NULL,"Clarinades","The",NULL
2316,2586,"Bill Clark",NULL,"Male","1925-07-31T00:00:00",NULL,NULL,"Clark","William",NULL
7227,8250,"Henry Clark","Hy Clark","Male","1900-01-01T00:00:00","South America","British Guyana","Clark","Henry","1909-12-31T00:00:00"
359,371,"Sonny Clark",NULL,"Male","1931-07-21T00:00:00","Northeast US","Hermine, PA","Clark","Conrad Yeatis",NULL
8246,9343,"Buddy Clark",NULL,"Male","1912-07-26T00:00:00","USA","Dorchester, Massachusetts","Clark","Buddy","1912-07-26T00:00:00"
2713,3001,"Charles Clark",NULL,"Male",NULL,NULL,NULL,"Clark","Charles",NULL
7447,8483,"Grant Clarke",NULL,"Male","1891-05-14T00:00:00","USA","Akron, Ohio","Clarke","Grant","1891-05-14T00:00:00"
61,73,"Kenny Clarke",NULL,"Male","1914-01-09T00:00:00","Midwest US","Pittsburgh, PA","Clarke","Kenny",NULL
4066,4453,"Rene Albert Clausier",NULL,"Male",NULL,NULL,NULL,"Clausier","Rene",NULL
19286,21698,"Omar Clay",NULL,"Male",NULL,NULL,"St. Louis, MO","Clay","Omar",NULL
6169,6969,"Humberto Clayber",NULL,"Male","1937-01-01T00:00:00","Brazil","Sao Paolo, Brazil","Clayber","Humberto","1937-12-31T00:00:00"
6845,7815,"Buck Clayton","Wilbur Dorsey Clayton","Male","1911-11-12T00:00:00","USA","Parsons, Kansas","Clayton","Buck","1911-11-12T00:00:00"
9589,10836,"David Clayton-Thomas",NULL,"Male","1941-09-13T00:00:00",NULL,"Kingstown upon Thames, Surrey UK","Clayton-Thomas","David","1941-09-13T00:00:00"
570,658,"Jimmy Cleveland",NULL,"Male","1923-05-03T00:00:00","Southern US","Wartrace, TN","Cleveland","Jimmy",NULL
3241,3577,"Gordon Clifford",NULL,"Male","1902-01-01T00:00:00","exact date of birth unknown, but ca1902",NULL,"Clifford","Gordon",NULL
20177,23629,"Larry Clinton",NULL,"Male","1909-08-17T00:00:00",NULL,"Brooklyn, NY","Clinton","Larry","1985-05-02T00:00:00"
20349,23819,"Will D. Cobb",NULL,"Male","1876-07-06T00:00:00","USA",NULL,"Cobb","Will","1876-07-06T00:00:00"
2866,3158,"Arnett Cobb",NULL,"Male","1918-08-10T00:00:00","Southern US","Houston, TX","Cobb","Arnett",NULL
154,166,"Jimmy Cobb",NULL,"Male","1929-01-20T00:00:00","Northeast US","Washington, DC","Cobb","Jimmy","1929-01-20T00:00:00"
3470,3822,"J.R. Cobb","James Barney Cobb, Jr.","Male","1944-02-05T00:00:00",NULL,NULL,"Cobb","J.R.",NULL
18854,23739,"Alfred Cobbs",NULL,"Male",NULL,NULL,NULL,"Cobbs","Alfred",NULL
18854,23739,"Alfred Cobbs",NULL,"Male",NULL,NULL,NULL,"Cobbs","Alfred",NULL
3003,3318,"Call Cobbs, Jr.",NULL,"Male","1911-01-01T00:00:00","actual birthdate unknown","Springfield, OH","Cobbs","Call",NULL
18205,20217,"Oto Coberg",NULL,"Male",NULL,"Brazil",NULL,"Coberg","Oto",NULL
9696,10947,"Billy Cobham",NULL,"Male","1944-05-16T00:00:00","New York, NY","Panama","Cobham","Billy","1944-05-16T00:00:00"
7382,8414,"Richard Coburn",NULL,"Male",NULL,NULL,NULL,"Coburn","Richard",NULL
4799,5283,"Dorcas Cochran",NULL,"Female","1903-01-01T00:00:00","USA","Exact location and date of birth unknown. ","Cochran","Dorcas","1903-12-31T00:00:00"
8804,9941,"William Cochran",NULL,"Male",NULL,NULL,NULL,"Cochran","William",NULL
20437,23950,"Pierre Coddes",NULL,"Male",NULL,NULL,NULL,"Coddes","Pierre",NULL
20437,23950,"Pierre Coddes","Pierre Coddee","Male",NULL,NULL,NULL,"Coddes","Pierre",NULL
20437,23950,"Pierre Coddes","Pierre Coddee","Male",NULL,NULL,NULL,"Coddes","Pierre",NULL
18796,20922,"Codó",NULL,"Male",NULL,"Brazil",NULL,"Codó","Codó",NULL
9811,11076,"James Coe","Jimmy Coe, James R. Coe","Male","1921-03-20T00:00:00","USA","Tompkinsville, Kentucky","Coe","James ","1921-03-20T00:00:00"
4607,5064,"Joao Alves Coelho",NULL,"Male",NULL,"Portugal",NULL,"Coelho","Joao",NULL
1855,2107,"Gil Coggins",NULL,"Male","1928-08-23T00:00:00","Northeast US","New York, NY","Coggins","Alvin Gilbert",NULL
15738,17549,"Porky Cohen","Zalman Cohen","Male","1924-06-02T00:00:00","Northeast US","Springfield, Massachusetts","Cohen","Porky","1924-06-02T00:00:00"
1590,1807,"Al Cohn",NULL,"Male","1925-11-24T00:00:00","Northeast US","New York, NY","Cohn","Al","1988-02-18T00:00:00"
18711,20792,"Daniel Coimbra",NULL,"Male",NULL,"Brazil",NULL,"Coimbra","Daniel",NULL
900,1034,"Henry Coker",NULL,"Male","1919-12-24T00:00:00","Southern US","Dallas, TX","Coker","Henry",NULL
18934,21124,"Dolo Coker","Charles Mitchell “Dolo” Coker","Male","1927-11-16T00:00:00",NULL,"Hartford, CT","Coker","Dolo","1983-04-13T00:00:00"
10352,11649,"Cozy Cole","William Randolph Cole","Male","1909-10-17T00:00:00","USA","East Orange, New Jersey","Cole","Cozy ","1909-10-17T00:00:00"
18117,20126,"Bob Cole","Robbert Allen Cole","Male","1868-07-01T00:00:00",NULL,NULL,"Cole","Bob","1868-07-01T00:00:00"
12927,14479,"Dave Coleman",NULL,"Male",NULL,NULL,NULL,"Coleman","Dave",NULL
14366,16024,"Bill Coleman",NULL,"Male","1904-08-04T00:00:00","USA","Paris, Kentucky","Coleman","Bill","1904-08-04T00:00:00"
11115,12451,"Earl Coleman",NULL,"Male","1925-08-12T00:00:00","USA","Port Huron, Michigan","Coleman","Earl","1925-08-12T00:00:00"
1052,1220,"George Coleman",NULL,"Male",NULL,NULL,NULL,"Coleman","George",NULL
864,997,"Ornette Coleman",NULL,"Male","1930-03-09T00:00:00","Southern US","Fort Worth, TX","Coleman","Ornette",NULL
3860,4230,"Johnny Coles",NULL,"Male","1926-07-03T00:00:00","USA","Trenton, New Jersey","Coles","Johnny",NULL
6931,7908,"Buddy Collette","William Marcel Collette","Male","1921-08-06T00:00:00","USA","Los Angeles, California","Collette","Buddy","1921-08-06T00:00:00"
9606,10854,"Bob Collier",NULL,"Male",NULL,NULL,NULL,"Collier","Bob",NULL
15372,17154,"Rudy Collins",NULL,"Male","1934-07-24T00:00:00",NULL,"New York, NY","Collins","Rudy","1934-07-24T00:00:00"
14256,15910,"Bob Collins",NULL,"Male",NULL,NULL,NULL,"Collins","Bob",NULL
14793,16512,"Junior Collins",NULL,"Male",NULL,NULL,NULL,"Collins","Junior",NULL
16439,18327,"Lee Collins",NULL,"Male","1901-10-17T00:00:00","Southern US","New Orleans, Louisiana","Collins","Lee","1901-10-17T00:00:00"
7843,8906,"John Collins",NULL,"Male","1912-09-12T00:00:00","Chicago","Montgomery AL","Collins","John","2001-10-04T00:00:00"
9724,10978,"Shad Collins","Lester Rallinston Collins","Male","1910-06-27T00:00:00","USA","Elizabeth, New Jersey","Collins","Shad","1910-06-27T00:00:00"
3002,3317,"Burt Collins",NULL,"Male","1931-03-27T00:00:00",NULL,"Philadelphia, PA","Collins","Burt",NULL
17468,19437,"Eugenio Colombo",NULL,"Male","1953-01-01T00:00:00","Italy",NULL,"Colombo","Eugenio","1953-01-01T00:00:00"
5195,5713,"Alice Coltrane","Alice McLeod","Female","1937-08-27T00:00:00",NULL,"Detroit, MI","Coltrane","Alice ",NULL
148,160,"John Coltrane","Trane","Male","1926-09-23T00:00:00","Southeast US","Hamlet, NC","Coltrane","John",NULL
18417,20433,"Tony Colucca",NULL,"Male",NULL,NULL,NULL,"Colucca","Tony",NULL
11553,12900,"Russ Columbo",NULL,"Male","1908-01-14T00:00:00","USA","Camden, New Jersey","Columbo","Russ","1908-01-14T00:00:00"
4882,5370,"Stuff Combe",NULL,"Male","1924-03-12T00:00:00",NULL,"Switzerland","Combe","Stuff",NULL
4327,4751,"Philippe Combelle",NULL,"Male","1939-07-14T00:00:00","Europe","Paris, France","Combelle","Philippe",NULL
106,118,"Betty Comden",NULL,"Female",NULL,NULL,NULL,"Comden","Betty",NULL
9119,20655,"Leon Comegys",NULL,"Male",NULL,NULL,NULL,"Comegys","Leon",NULL
9119,20655,"Leon Comegys",NULL,"Male","1917-06-07T00:00:00","Mid-Atlantic US","Maryland","Comegys","Leon","1917-06-07T00:00:00"
8970,10120,"Joe Comfort",NULL,"Male","1917-07-18T00:00:00","USA","Alcorn, Mississippi","Comfort","Joe","1917-07-18T00:00:00"
556,644,"Joe Composer",NULL,"Female","2011-03-01T00:00:00","Moldova","Saskatoon","Composer","Joe",NULL
18468,20485,"Giba Conceição",NULL,"Male",NULL,NULL,"Bahia, Brazil","Conceição","Giba",NULL
20640,24390,"Ray Concepcion",NULL,"Male","1932-01-01T00:00:00","Caribbean","Puerto Rico","Concepcion","Ray","1932-12-31T00:00:00"
18547,20565,"Zez Confrey","Edward Elzear Confrey","Male","1895-04-03T00:00:00","Midwestern US","Peru, Illinois","Confrey","Zez","1895-04-03T00:00:00"
1470,1672,"Larry Conley",NULL,"Male","1895-11-29T00:00:00","Midwest US","Keithsburg, IL","Conley","Larry",NULL
881,1015,"Chester Conn","Chester Cohn","Male",NULL,NULL,NULL,"Conn","Chester",NULL
17601,19585,"Will Connell",NULL,"Male",NULL,NULL,NULL,"Connell","Will",NULL
3935,4315,"Reg Connelly",NULL,"Male","1898-01-01T00:00:00","United Kingdom","Buckhurst Hill, Essex, England","Connelly","Reg",NULL
4652,5109,"Chuck Connors","Charles Raymond Connors","Male","1930-01-01T00:00:00","USA","Maysville, Kentucky","Connors","Chuck",NULL
10610,11912,"Willis Conover",NULL,"Male","1920-10-18T00:00:00",NULL,"Buffalo, NY","Conover","Willis","1996-05-17T00:00:00"
3773,4140,"Con Conrad","Conrad K. Dober","Male","1891-06-18T00:00:00","USA","New York, New York","Conrad","Con",NULL
15940,17780,"Bill Conway",NULL,"Male",NULL,NULL,NULL,"Conway","Bill",NULL
9093,10246,"Junior Cook",NULL,"Male","1934-07-22T00:00:00",NULL,"Pensacola, Florida","Cook","Junior","1992-02-03T00:00:00"
12583,14099,"Willie Cook",NULL,"Male","1923-11-11T00:00:00","USA","Tangipahoa, Louisiana","Cook","Willie","1923-11-11T00:00:00"
1040,1208,"Will Marion Cook",NULL,"Male","1869-01-27T00:00:00","Northeast US","Washington, DC","Cook","Will Marion","1869-01-27T00:00:00"
17532,19507,"India Cooke",NULL,"Female",NULL,"San Francisco, CA",NULL,"Cooke","India",NULL
19477,22024,"Bob Cooper",NULL,"Male","1925-12-06T00:00:00","Northeastern US & Western US","Pittsburgh, Pennsylvania (but made his mark on the West Coast)","Cooper","Bob","1925-12-06T00:00:00"
20154,23604,"Buster Cooper","George Cooper","Male","1929-04-04T00:00:00",NULL,"St. Petersburg, FL","Cooper","Buster","1929-04-04T00:00:00"
16248,18122,"Jerome Cooper",NULL,"Male","1946-12-14T00:00:00",NULL,"Chicago, IL","Cooper","Jerome","1946-12-14T00:00:00"
2119,2376,"J. Fred Coots",NULL,"Male","1897-05-02T00:00:00","Northeast US","Brooklyn, NY","Coots","John ",NULL
3530,3888,"Ray Copeland",NULL,"Male","1926-07-17T00:00:00","USA","Norfolk, Virginia","Copeland","Ray",NULL
18781,20906,"Copinha","Copies Nicolino","Male","1910-03-03T00:00:00",NULL,"Sao Paulo, Brazil","Copinha","Copinha","1984-03-04T00:00:00"
5349,5882,"George Coppens",NULL,"Male",NULL,"Europe","The Netherlands","Coppens","George",NULL
4880,5368,"Francis Coppieters",NULL,"Male",NULL,NULL,NULL,"Coppieters","Francis",NULL
18512,20530,"Carlinhos 7 Cordas","Carlos Eduardo Moraes dos Santos, ","Male",NULL,"Brazil",NULL,"Cordas","Carlinhos 7",NULL
1108,1287,"Chick Corea",NULL,"Male","1941-06-12T00:00:00","Northeast US","Chelsea, MA","Corea","Chick",NULL
17071,19020,"Leslie Corley",NULL,"Male",NULL,NULL,NULL,"Corley","Leslie",NULL
8668,9793,"The Corporation (Motown)",NULL,NULL,NULL,NULL,"Detroit, MI","Corporation","The",NULL
10628,11930,"Donald Carrado",NULL,NULL,NULL,NULL,NULL,"Corrado","Donald",NULL
1426,1623,"Willie Bobo",NULL,"Male","1934-02-28T00:00:00","Northeast US","New York, NY","Correa","William",NULL
17880,19869,"D. Corrêa",NULL,NULL,NULL,"Brazil",NULL,"Corrêa","D.",NULL
18784,20909,"André Victor Corrêa",NULL,"Male","1888-06-18T00:00:00",NULL,"Rio de Janeiro, Brazil","Corrêa","André Victor","1948-03-04T00:00:00"
17949,19950,"Djalma Corrêa",NULL,"Male",NULL,"Brazil",NULL,"Corrêa","Djalma",NULL
6357,7194,"George Cory",NULL,NULL,NULL,NULL,NULL,"Cory","George",NULL
2798,3089,"Julie Coryell",NULL,"Female",NULL,NULL,NULL,"Coryell","Julie",NULL
2753,3042,"Larry Coryell",NULL,"Male","1943-04-02T00:00:00","Southern US","Galveston, TX","Coryell","Larry",NULL
2872,3164,"Sam Coslow",NULL,"Male","1902-12-27T00:00:00","Northeast US","New York, NY","Coslow","Sam",NULL
4473,4914,"Vladimir Cosma",NULL,"Male","1940-04-13T00:00:00","Europe","Bucharest, Romania","Cosma","Vladimir",NULL
6382,7220,"Eddie Costa",NULL,"Male","1930-08-14T00:00:00",NULL,"Atlas, PA","Costa","Eddie","1962-07-28T00:00:00"
18290,20304,"Yamandu Costa",NULL,"Male","1980-01-24T00:00:00",NULL,"Passo Fundo, Rio Grande do Sul, Brazil","Costa","Yamandu","1980-01-24T00:00:00"
17698,19684,"Porfirio Costa",NULL,"Male",NULL,"Brazil",NULL,"Costa","Porfirio",NULL
9763,11019,"Benny Cotton",NULL,"Male",NULL,NULL,NULL,"Cotton","Benny",NULL
18834,20982,"Vic Coulsen","Victor Coulsen, Victor Coulson","Male",NULL,NULL,NULL,"Coulsen","Vic",NULL
2395,2667,"Curtis Counce",NULL,"Male","1926-01-23T00:00:00","Midwest US","Kansas City, MO","Counce","Curtis",NULL
7533,8573,"Harold Courlander",NULL,"Male","1908-09-18T00:00:00","USA","Indianapolis, Indiana","Courlander","Harold","1908-09-18T00:00:00"
9521,10763,"Don Covay","Donald Randolph","Male","1938-03-24T00:00:00",NULL,"Orangeburg, SC","Covay","Don ","1938-03-24T00:00:00"
3707,4070,"Terry Cox","Terrence William Harvey Cox","Male","1937-03-13T00:00:00","United Kingdom","High Wycombe, Buckinghamshire","Cox","Terry",NULL
3712,4075,"Gary Cox",NULL,"Male",NULL,"United Kingdom",NULL,"Cox","Gary",NULL
9225,10447,"Richie Crabtree",NULL,"Male",NULL,NULL,NULL,"Crabtree","Richie",NULL
9231,10453,"Robert Craig Wright","R. Wright/Bob Wright","Male","1914-09-25T00:00:00",NULL,"Daytona, Florida","Craig","Robert","2005-07-27T00:00:00"
4391,4822,"Ray Crane",NULL,"Male","1930-10-31T00:00:00","United Kingdom","Skegness, Lincolnshire, England","Crane","Ray",NULL
127,139,"Bob Cranshaw","Melbourne Robert Cranshaw","Male","1932-12-10T00:00:00","USA","Evanston, Illinois","Cranshaw","Bob",NULL
21003,25015,"Sonny Craven","Luther Craven","Male",NULL,NULL,NULL,"Craven","Sonny",NULL
7017,8011,"Jimmy Crawford",NULL,"Male","1910-01-14T00:00:00",NULL,"Memphis, TN","Crawford","Jimmy","1980-01-28T00:00:00"
17355,19318,"Wilton Crawley",NULL,"Male","1900-01-01T00:00:00","Southern US","Virginia","Crawley","Wilton","1900-12-31T00:00:00"
6629,7524,"Henry Creamer",NULL,"Male","1892-06-21T00:00:00","New York City","Richmond, VA","Creamer","Henry","1930-10-14T00:00:00"
19813,23085,"John Cresci",NULL,"Male",NULL,NULL,NULL,"Cresci","John",NULL
8730,9859,"Sonny Criss","William Criss",NULL,"1927-10-23T00:00:00","Los Angeles, CA","Memphis, TN","Criss","Sonny","1977-11-19T00:00:00"
4380,4810,"Tony Crombie",NULL,"Male","1925-08-27T00:00:00","United Kingdom","Bishopsgate Hall, London, England","Crombie","Tony",NULL
21033,25047,"Austin Cromer",NULL,"Male",NULL,NULL,NULL,"Cromer","Austin",NULL
9389,10625,"Eli Cronin",NULL,"Male",NULL,NULL,NULL,"Cronin","Eli",NULL
9524,10766,"Steve Cropper","Steve \"The Coloner\" Cropper, Coloner Cropper","Male","1941-10-21T00:00:00",NULL,"Dora, MO","Cropper","Steve","1941-10-21T00:00:00"
11527,12871,"Bing Crosby","Harry Lillis Crosby","Male","1903-05-03T00:00:00","USA","Tacoma, Washington","Crosby","Bing","1903-05-03T00:00:00"
9604,10852,"Harper Crosby","Harper Cosby","Male",NULL,NULL,NULL,"Crosby","Harper",NULL
6356,7193,"Douglass Cross",NULL,NULL,NULL,NULL,NULL,"Cross","Douglass",NULL
10921,12234,"Gay Crosse",NULL,"Male",NULL,NULL,NULL,"Crosse","Gay",NULL
948,1092,"Bruno Crovetto",NULL,"Male",NULL,"Europe","Italy","Crovetto","Bruno",NULL
12871,14412,"Thomas Crump",NULL,"Male",NULL,NULL,NULL,"Crump","Thomas",NULL
734,838,"Carmel Crunk","C. Crunk",NULL,"1000-01-01T00:00:00","Los Angeles, California",NULL,"Crunk","Carmel",NULL
16012,17866,"Darcy Cruz",NULL,"Male",NULL,"South America","Brazil","Cruz","Darcy",NULL
6993,7980,"Helmuth Csucovits",NULL,"Male",NULL,NULL,NULL,"Csucovits","Helmuth",NULL
9555,10801,"Ronnie Cuber",NULL,"Male",NULL,NULL,NULL,"Cuber","Ronnie",NULL
7910,8983,"Johnny Cue",NULL,"Male",NULL,NULL,NULL,"Cue","Johnny",NULL
3209,3543,"John Cue",NULL,"Male",NULL,NULL,NULL,"Cue","John",NULL
15312,17086,"Xavier Cugat",NULL,"Male","1900-01-01T00:00:00",NULL,"Gerona, Spain","Cugat","Xavier","1900-01-01T00:00:00"
20568,24206,"Robert Cuinet",NULL,"Male",NULL,NULL,NULL,"Cuinet","Robert ",NULL
899,1033,"Wendell Culley",NULL,"Male","1906-01-08T00:00:00","Northeast US","Worcester, MA","Culley","Wendell",NULL
9809,11074,"Fred Culliver",NULL,"Male",NULL,NULL,NULL,"Culliver","Fred",NULL
10309,11602,"Robert Cummings",NULL,"Male",NULL,NULL,NULL,"Cummings","Robert",NULL
15887,17715,"Bob Cunningham",NULL,"Male",NULL,NULL,NULL,"Cunningham","Bob",NULL
17609,19593,"Scott Currie",NULL,"Male",NULL,NULL,NULL,"Currie","Scott",NULL
2223,2485,"Ted Curson",NULL,"Male","1935-06-03T00:00:00","Northeast US","Philadelphia, PA","Curson","Theodore",NULL
408,420,"Michael Cuscuna",NULL,"Male","1948-09-20T00:00:00","Northeast US","Stamford, CT","Cuscuna","Michael",NULL
5487,6049,"Andrew Cyrille",NULL,"Male","1939-11-10T00:00:00","USA","Brooklyn, New York","Cyrille","Andrew","1939-11-10T00:00:00"
13579,15186,"D.R.S.",NULL,NULL,NULL,NULL,NULL,"D.R.S.","D.R.S.",NULL
18047,20055,"João da Bahiana","João Machado Guedes","Male","1887-05-17T00:00:00",NULL,"Rio de Janeiro, Brazil","da Bahiana","João","1974-01-12T00:00:00"
17854,19843,"Zeca da Cuíca",NULL,"Male",NULL,"Brazil",NULL,"da Cuíca","Zeca",NULL
18733,20815,"Apolônio da Quixabinha",NULL,"Male",NULL,"Brazil",NULL,"da Quixabinha","Apolônio",NULL
17805,19793,"Zé da Velha",NULL,"Male",NULL,"Brazil",NULL,"da Velha","Zé",NULL
17691,19677,"Martinho da Vila","Martinho José Ferreira","Male","1938-02-12T00:00:00",NULL,"Duas Barras, Brazil","da Vila","Martinho","1938-02-12T00:00:00"
18363,20378,"Zé da Zilda","José Gonçalves","Male","1908-01-06T00:00:00",NULL,"Rio de Janeiro, Brazil","da Zilda","Zé","1954-10-10T00:00:00"
3754,4121,"Ford Dabney",NULL,"Male","1883-03-15T00:00:00","USA","Washington D.C.","Dabney","Ford",NULL
14957,16704,"Dagmar","Virginia Ruth Egnor","Female","1921-11-29T00:00:00","USA","Yawkey, West Virginia","Dagmar","Dagmar","1921-11-29T00:00:00"
14279,15934,"Bert Dahlander",NULL,"Male","1928-05-13T00:00:00",NULL,"Göteborg, Sweden","Dahlander","Bert","2011-06-06T00:00:00"
7713,8770,"Nils-Bertil Dahlander","Bert Dale","Male","1928-05-13T00:00:00","Scandinavia","Molndal, Sweden","Dahlander","Nils-Bertil","1928-05-13T00:00:00"
2849,3140,"Jim Dale","Jim Smith","Male","1935-08-15T00:00:00","United Kingdom","Rothwell, Northamptonshire, England","Dale","Jim",NULL
19377,23088,"Joe Daley",NULL,"Male",NULL,"Midwest, USA",NULL,"Daley","Joe Lee",NULL
19377,23088,"Joe Daley",NULL,"Male",NULL,"Midwest, USA",NULL,"Daley","Joe Lee",NULL
17598,19582,"Joseph Daley",NULL,"Male",NULL,NULL,NULL,"Daley","Joseph",NULL
18717,20799,"Anchieta Dali",NULL,"Male",NULL,NULL,"Tacaratu, Brazil","Dali","Anchieta",NULL
20569,24207,"Daniel Dall'Olmo","Daniel Dallolmo","Male",NULL,NULL,NULL,"Dall'Olmo","Daniel",NULL
72,84,"Tadd Dameron",NULL,"Male","1917-02-21T00:00:00","USA","Cleveland, Ohio","Dameron","Tadd","1917-02-21T00:00:00"
17479,19448,"Paolo Damiani",NULL,"Male",NULL,NULL,"Rome, Italy","Damiani","Paolo",NULL
9582,10828,"Stanley Dance",NULL,"Male","1910-09-15T00:00:00","England; Connecticut; CA","Braintree, Essex","Dance","Stanley","1999-02-23T00:00:00"
4697,5157,"Eddie Daniels",NULL,"Male","1941-10-19T00:00:00","USA","New York, New York","Daniels","Eddie",NULL
6241,7055,"Charles N. Daniels","Neil Moret, Jules Lemare, L'Albert, Paul Bertrand, Julian Strauss, Sidney Carter, Chas. N. Daniels","Male",NULL,NULL,NULL,"Daniels","Charles N.",NULL
11606,12954,"Palle Danielsson",NULL,"Male","1946-10-15T00:00:00",NULL,"Stockholm, Sweden","Danielsson","Palle","1946-10-15T00:00:00"
18719,20801,"Zé Dantas","José de Sousa Dantas Filho","Male","1921-02-27T00:00:00",NULL,"Carnaíba, Brazil","Dantas","Zé","1962-03-11T00:00:00"
13925,15549,"Mario Daone",NULL,"Male",NULL,NULL,NULL,"Daone","Mario",NULL
18677,20736,"Don Darcy","John Arcesi, Johnny Darcy, Don D'Arcy","Male","1917-02-11T00:00:00","Mid-Atlantic US","Sayre, Pennsylvania","Darcy","Don","1917-02-11T00:00:00"
18677,20736,"Don Darcy",NULL,"Male",NULL,NULL,NULL,"Darcy","Don",NULL
16819,18736,"Joe Darion",NULL,"Male","1917-01-30T00:00:00","Northeast US","New York, NY","Darion","Joe","1917-01-30T00:00:00"
14316,15973,"Jerome Darr",NULL,NULL,"1910-12-21T00:00:00",NULL,"Baltimore, MD","Darr","Jerome","1986-10-29T00:00:00"
4553,5004,"John Darville",NULL,"Male",NULL,NULL,NULL,"Darville","John",NULL
176,188,"Charles Darwin","Chuck",NULL,"1799-07-04T00:00:00",NULL,NULL,"Darwin","Charles",NULL
17470,19439,"Carlo Actis Dato",NULL,"Male","1952-03-21T00:00:00",NULL,"Turin, Italy","Dato","Carlo Actis","1952-03-21T00:00:00"
8975,10125,"Doc Daugherty",NULL,"Male",NULL,NULL,NULL,"Daugherty","Doc ",NULL
6084,6875,"Cow Cow Davenport","Charles Edward Davenport","Male","1894-04-23T00:00:00","Alabama","Anniston, Alabama","Davenport","Cow Cow","1955-12-03T00:00:00"
9313,10539,"Hal David",NULL,NULL,"1921-05-25T00:00:00",NULL,"New York, New York","David","Hal","2012-09-01T00:00:00"
2124,2381,"Mack David",NULL,"Male","1912-07-05T00:00:00","Northeast US","Brooklyn, NY","David","Mack",NULL
4970,5467,"Jacques David",NULL,NULL,NULL,NULL,NULL,"David","Jacques",NULL
20739,24513,"Joel Davie",NULL,"Male",NULL,NULL,NULL,"Davie","Joel",NULL
11608,12956,"Dennis Russell Davies ",NULL,"Male","1944-04-16T00:00:00",NULL,"Toledo, OH","Davies","Dennis","1944-04-16T00:00:00"
12761,14290,"Frank Davilla","Paquito","Male",NULL,NULL,NULL,"Davilla","Frank",NULL
5591,6157,"Horace Davis",NULL,NULL,NULL,NULL,NULL,"Davis","Horace",NULL
265,277,"Steve Davis",NULL,"Male","1901-01-01T00:00:00",NULL,NULL,"Davis","Steve",NULL
4701,5161,"George Davis",NULL,"Male","1938-03-30T00:00:00","USA","New Orleans, Louisiana","Davis","George",NULL
2585,2867,"Nathan Davis",NULL,"Male","1931-02-15T00:00:00","Midwest, US","Kansas City, KS","Davis","Nathan",NULL
2843,3134,"Wild Bill Davis",NULL,"Male","1918-11-24T00:00:00","Southern US","Glasgow, MO","Davis","William",NULL
7482,8521,"Benny Davis",NULL,"Male","1895-08-21T00:00:00","USA","New York, New York","Davis","Benny","1895-08-21T00:00:00"
9151,10314,"Richard Davis",NULL,"Male","1930-04-14T00:00:00","New York, NY; Madison, WI","Chicago, IL","Davis","Richard","1930-04-14T00:00:00"
2611,2893,"Richard Davis",NULL,NULL,"1930-04-15T00:00:00","Midwest, US","Chicago, IL","Davis","Richard",NULL
10304,11597,"Danny Davis",NULL,"Male",NULL,NULL,NULL,"Davis","Danny",NULL
1879,2131,"Walter Davis Jr.",NULL,"Male","1932-09-02T00:00:00","Southeast US","Richmond, VA","Davis","Walter",NULL
3111,3442,"Charles Davis","Charlie Davis","Male","1933-05-20T00:00:00","Southern US and Midwest","Goodman, MI","Davis","Charles",NULL
10609,11911,"Kenny Davis",NULL,"Male","1961-09-04T00:00:00",NULL,NULL,"Davis","Kenny","1961-09-04T00:00:00"
1242,1430,"Jimmy Davis",NULL,"Male",NULL,NULL,NULL,"Davis","Jimmy",NULL
10626,11928,"Steve Davis ","Sayeed","Male",NULL,NULL,NULL,"Davis","Steve",NULL
16205,18074,"Thulani Davis",NULL,"Female",NULL,NULL,NULL,"Davis","Thulani",NULL
607,699,"Eddie \"Lockjaw\" Davis","Lockjaw, Jaws","Male","1922-03-02T00:00:00","Northeast US","New York, NY","Davis","Eddie",NULL
432,444,"Art Davis",NULL,"Male","1934-12-05T00:00:00","Northeast US","Harrisburg, PA","Davis","Art",NULL
1064,1234,"Miles Davis",NULL,"Male","1926-05-26T00:00:00",NULL,"Alton, Illinois","Davis","Miles",NULL
13966,15590,"Doris Davis",NULL,NULL,NULL,NULL,NULL,"Davis","Doris",NULL
2276,2539,"Jimmie Davis",NULL,"Male","1899-09-11T00:00:00","Southern US","Quitman, LA","Davis","Jimmie ",NULL
12835,14372,"Wild Bill Davison","William Edward Davison","Male","1906-01-05T00:00:00","USA","Defiance, Ohio","Davison","Wild Bill","1906-01-05T00:00:00"
13905,15529,"Bob Dawes",NULL,"Male",NULL,NULL,NULL,"Dawes","Bob",NULL
4402,4833,"Alan Dawson",NULL,"Male","1929-07-14T00:00:00","USA","Marietta, Pennsylvania","Dawson","Alan",NULL
16541,18437,"Talib Dawud","Al Barrymore","Male","1923-01-26T00:00:00",NULL,NULL,"Dawud","Talib","1923-01-26T00:00:00"
18199,20211,"Zequinha de Abreu",NULL,"Male","1890-09-19T00:00:00",NULL,"Sao Paulo, Brazil","de Abreu","Zequinha","1935-01-22T00:00:00"
6168,6968,"Maguinho de Alcantara","Maguinho","Male",NULL,NULL,NULL,"de Alcantara","Maguinho",NULL
18045,20053,"Mauro de Almeida",NULL,"Male","1882-01-22T00:00:00",NULL,"Rio de Janeiro, Brazil","de Almeida","Mauro","1956-07-19T00:00:00"
17704,19690,"Hianto de Almeida","Hianto Ramalho de Almeida Rodrigues","Male","1923-02-06T00:00:00",NULL,"Brazil","de Almeida","Hianto","1964-09-27T00:00:00"
18179,20191,"João de Barro","Braguinha, Carlos Alberto Ferreira Braga","Male","1907-03-29T00:00:00","Brazil",NULL,"de Barro","João","2006-12-24T00:00:00"
18293,20307,"Raul de Barros","Raul Machado de Barros","Male","1915-11-25T00:00:00",NULL,"Rio de Janeiro, Brazil","de Barros","Raul","2009-06-08T00:00:00"
3457,3807,"Theo de Barros","Theo","Male",NULL,"South America","Brasil","de Barros","Theo",NULL
4639,5096,"Egbert De Bloeme",NULL,"Male",NULL,NULL,NULL,"De Bloeme","Egbert",NULL
17832,19820,"Nanico de Brito","Carlos \"Nanico\" de Brito","Male",NULL,"Brazil",NULL,"de Brito","Nanico",NULL
4598,5052,"Frederico de Brito",NULL,"Male",NULL,"Portugal",NULL,"de Brito","Frederico",NULL
16816,18733,"Manuel de Falla","Manuel de Falla y Matheu","Male","2013-11-23T00:00:00","Western Europe","Cadiz, Spain","de Falla","Manuel","2013-11-23T00:00:00"
16475,18369,"Voltaire De Faut","Volly De Faut","Male","1904-03-14T00:00:00","Southern US","Little Rock, Arkansas","De Faut","Voltaire","1904-03-14T00:00:00"
4680,5139,"Rein De Graaff",NULL,"Male","1942-10-24T00:00:00","Europe","Groningen, The Netherlands","De Graaff","Rein",NULL
7755,8815,"Eddie de Haas",NULL,"Male","1930-02-21T00:00:00","Pacific Rim","Bandoeng, Java, Indonesia","de Haas","Eddie","1930-02-21T00:00:00"
816,939,"Phil De Lancie",NULL,"Male",NULL,NULL,NULL,"De Lancie","Phil",NULL
14947,16694,"Milton De Lugg",NULL,"Male","1918-12-02T00:00:00","USA","Los Angeles, California","De Lugg","Milton ","1918-12-02T00:00:00"
4605,5061,"Luiz de Macedo",NULL,"Male",NULL,NULL,NULL,"De Macedo","Luiz",NULL
18053,20061,"Anacleto de Medeiros","Augusto Anacleto de Medeiros","Male","1866-07-13T00:00:00",NULL,"Rio de Janeiro, Brazil","de Medeiros","Anacleto","1907-08-14T00:00:00"
4595,5049,"Thiago de Mello",NULL,"Male","1933-01-01T00:00:00","Brazil","Barreinha (exact month/day of birth can't be found)","De Mello","Thiago",NULL
2884,3176,"Vinícius de Moraes",NULL,"Male","1913-01-01T00:00:00","South America","Rio De Janeiro, Brazil","de Moraes","Vinícius",NULL
18706,20787,"Jerimum de Olinda",NULL,"Male",NULL,"Brazil",NULL,"de Olinda","Jerimum",NULL
18113,20122,"Sidney De Paris",NULL,"Male","1905-05-30T00:00:00","Midwestern US","Crawfordsville, Indiana","De Paris","Sidney","1905-05-30T00:00:00"
17401,19367,"Wilbur de Paris",NULL,"Male","1900-01-11T00:00:00","Midwest US","Crawfordsville, Indiana","de Paris","Wilbur","1900-01-11T00:00:00"
17692,19678,"Rosinha de Valença","Maria Rosa Canelas","Female","1941-07-30T00:00:00",NULL,"Valença, Rio de Janeiro, Brazil","de Valença","Rosinha","2004-06-10T00:00:00"
2485,2762,"Michel de Villers",NULL,"Male",NULL,NULL,NULL,"de Villers","Michel",NULL
15472,17258,"Antonio De Vita",NULL,"Male","1932-01-01T00:00:00","Western Europe","Italy","De Vita","Antonio","1932-01-01T00:00:00"
13256,14848,"John Deagun",NULL,"Male",NULL,NULL,NULL,"Deagun","John",NULL
10377,11676,"Bill DeArango",NULL,"Male","1921-09-20T00:00:00","USA","Cleveland, Ohio","DeArango","Bill ","1921-09-20T00:00:00"
4614,5071,"Norberto DeAraujo",NULL,"Male",NULL,"Portugal",NULL,"DeAraujo","Norberto",NULL
2177,2436,"Spanky DeBrest","Jimmy","Male","1937-04-24T00:00:00","Northeast US","Philadelphia, PA","DeBrest","James",NULL
1539,1753,"Jimmy \"Spanky\" DeBrest",NULL,"Male","1937-04-24T00:00:00","Northeast US","Philadelphia, PA","DeBrest","Jimmy",NULL
17209,19165,"Santi Debriano",NULL,"Male","1955-01-01T00:00:00","Brooklyn, NY","Panama","Debriano","Santi","1955-01-01T00:00:00"
4168,4565,"Claude Debussy",NULL,"Male","1862-08-22T00:00:00","Europe","Saint-Germain-en-Laye, France","Debussy","Claude",NULL
3011,3326,"Bert Decoteaux",NULL,"Male",NULL,NULL,NULL,"Decoteaux","Bert",NULL
3129,3460,"Barrett Deems",NULL,"Male","1914-03-01T00:00:00","Midwest US","Springfield, IL","Deems","Barrett",NULL
9338,10568,"Charles DeForest",NULL,"Male",NULL,"Northeast US","Genoa, NY","DeForest","Charles",NULL
859,992,"Buddy DeFranco",NULL,"Male","1923-02-17T00:00:00","Northeast US","Camden, NJ","DeFranco","Buddy",NULL
17825,19813,"Jorge Degas",NULL,"Male",NULL,"Brazil","Rio de Janeiro, Brazil","Degas","Jorge",NULL
416,428,"Jack DeJohnette",NULL,"Male","1942-08-09T00:00:00","Midwest US","Chicago, IL","DeJohnette","Jack",NULL
1441,1638,"Israel Del Pino",NULL,"Male",NULL,NULL,NULL,"Del Pino","Israel",NULL
3091,3420,"Jack Del Rio",NULL,"Male","1902-08-01T00:00:00","Argentina","Argentina","Del Rio","Jack",NULL
14194,15842,"Mario Delagarde",NULL,"Male",NULL,NULL,NULL,"Delagarde","Mario",NULL
2304,2574,"Eddie DeLange",NULL,"Male","1904-01-12T00:00:00","Northeast US","Long Island City, NY","DeLange","Edgar",NULL
13479,15081,"Charles Delaunay",NULL,"Male","1911-01-18T00:00:00","Europe","Vineuil-Saint-Firmin, Oise, France","Delaunay","Charles","1911-01-18T00:00:00"
17844,19832,"Angelo Dell'Orto",NULL,"Male",NULL,"Brazil",NULL,"Dell'Orto","Angelo",NULL
5605,6171,"Ray Dempsey",NULL,"Male",NULL,NULL,NULL,"Dempsey","Ray",NULL
4329,4753,"Jacques Denjean",NULL,"Male",NULL,"Europe","France","Denjean","Jacques",NULL
4079,4467,"Paul Denniker",NULL,NULL,NULL,NULL,NULL,"Denniker","Paul",NULL
1631,1862,"Matt Dennis",NULL,"Male","1914-02-11T00:00:00","West Coast US","Seattle, WA","Dennis","Matt",NULL
2204,2464,"Willie Dennis",NULL,"Male","1926-01-10T00:00:00","Northeast US","Philadelphia, PA","Dennis","Willie",NULL
3713,4076,"Jackie Denton",NULL,"Male","1937-01-01T00:00:00","United Kingdom","(exact DOB unknown. Died 8/8/2010 at age 73)","Denton","Jackie",NULL
1314,1506,"Gene DePaul",NULL,"Male","1919-06-17T00:00:00","Northeast US","New York","DePaul","Gene",NULL
2121,2378,"Peter DeRose",NULL,"Male","1900-03-10T00:00:00","Northeast US","New York, NY","DeRose","Peter",NULL
6434,7283,"Paul Desmond",NULL,"Male","1924-11-25T00:00:00","USA","San Francisco, California","Desmond","Paul","1924-11-25T00:00:00"
20419,23947,"Guy Destanges",NULL,"Male",NULL,NULL,NULL,"Destanges","Gus",NULL
20419,23947,"Guy Destanges","Gus Destanges","Male",NULL,NULL,NULL,"Destanges","Guy",NULL
8098,9189,"Buddy DeSylva","B.G. DeSylva George Gard DeSylva","Male","1895-01-27T00:00:00","Los Angeles, CA","New York, NY","DeSylva","Buddy","1950-07-11T00:00:00"
4870,5358,"Jimmy Deuchar",NULL,"Male","1930-06-26T00:00:00","London, England","Dundee, Scotland","Deuchar","Jimmy",NULL
4022,4407,"Silo Deutsch",NULL,"Male",NULL,NULL,NULL,"Deutsch","Silo",NULL
20554,24192,"Emery Deutsch",NULL,"Male","1906-01-01T00:00:00","New York City","Budapest, Hungary","Deutsch","Emery","1906-12-31T00:00:00"
17968,19970,"Noel Devos",NULL,"Male",NULL,NULL,"Calais, France","Devos","Noel",NULL
8076,9165,"Algie DeWitt",NULL,"Male",NULL,NULL,NULL,"DeWitt","Algie",NULL
4086,4474,"Eduardo Di Capua",NULL,"Male","2012-03-12T00:00:00","Western Europe","Naples, Italy","Di Capua","Eduardo",NULL
13779,15396,"Dick Gordon","Richard Dick Gordon","Male",NULL,NULL,NULL,"Dick Gordon","Dick Gordon",NULL
13034,14599,"Vic Dickenson",NULL,"Male","1906-08-06T00:00:00",NULL,"Xenia, OH","Dickenson","Vic","1984-11-16T00:00:00"
16537,18433,"Aletha Mae Dickerson",NULL,"Female","1902-04-24T00:00:00","Midwest US","Chicago, Illinois","Dickerson","Aletha","1902-04-24T00:00:00"
4239,4649,"Carlos Diernhammer","Charlie Diernhammer","Male","1931-07-31T00:00:00","South America","Buenos Aires, Argentina","Diernhammer","Carlos ","1931-07-31T00:00:00"
626,718,"Howard Dietz","Howard Diets","Male","1896-09-08T00:00:00","New York, NY","New York, NY","Dietz","Howard","1983-07-30T00:00:00"
4967,5464,"Jacques Diéval","Jack Diéval","Male","1921-09-21T00:00:00","France","Douai, France","Diéval","Jacques",NULL
9725,10979,"Bill Dillard",NULL,"Male","1911-07-20T00:00:00","USA","Pennsylvania","Dillard","Bill","1911-07-20T00:00:00"
20742,24518,"Ed Dimond","Ed Diamond","Male",NULL,NULL,NULL,"Dimond","Ed ",NULL
13410,15007,"Gene DiNovi",NULL,"Male","1928-05-26T00:00:00",NULL,"New York, NY","DiNovi","Gene","1928-05-26T00:00:00"
3050,3374,"Joe Diorio",NULL,"Male","1936-08-06T00:00:00",NULL,"Waterbury, CT","Diorio","Joe",NULL
6058,6847,"Sacha Distel",NULL,"Male","1933-01-29T00:00:00","Europe","Paris, France","Distel","Sacha","1933-01-29T00:00:00"
653,751,"Sascha Distel",NULL,"Male","1933-01-29T00:00:00","Europe","Paris, France","Distel","Sascha",NULL
6757,7722,"Bill Dixon",NULL,"Male","1925-10-05T00:00:00","USA","Nantucket, Massachusetts","Dixon","Bill","1925-10-05T00:00:00"
5035,5542,"Mort Dixon",NULL,"Male","1892-03-02T00:00:00","New York, NY","New York, NY","Dixon","Mort",NULL
18250,20263,"Jacob do Bandolim","Jacob Pick Bittencourt","Male","1918-12-14T00:00:00",NULL,"Rio de Janerio, Brazil","do Bandolim","Jacob","1969-08-13T00:00:00"
6174,6978,"Heraldo do Monte","Heraldo di Monte","Male",NULL,NULL,NULL,"do Monte","Heraldo",NULL
18172,20184,"Joel do Nascimento",NULL,"Male","1937-09-13T00:00:00",NULL,"Rio de Janerio, Brazil","do Nascimento","Joel","1937-09-13T00:00:00"
17835,19823,"Jorginho do Pandeiro",NULL,"Male",NULL,"Brazil",NULL,"do Pandeiro","Jorginho",NULL
18722,20804,"Lula Do Rojão",NULL,"Male",NULL,"Brazil",NULL,"Do Rojão","Lula",NULL
4611,5068,"Amadeu do Vale",NULL,"Male",NULL,"Portugal",NULL,"Do Vale","Amadeu",NULL
11630,12978,"Bill Dobbins",NULL,"Male",NULL,NULL,NULL,"Dobbins","Bill",NULL
1538,1752,"Sam Dockery",NULL,"Male",NULL,NULL,NULL,"Dockery","Sam",NULL
7233,8256,"Baby Dodds","Warren Dodds","Male","1898-12-24T00:00:00","USA","New Orleans, Louisiana","Dodds","Baby","1898-12-24T00:00:00"
7167,8180,"Johnny Dodds",NULL,"Male","1892-04-12T00:00:00","USA","Waveland, Mississippi","Dodds","Johnny","1892-04-12T00:00:00"
6439,7292,"Joe Dodge",NULL,"Male",NULL,NULL,NULL,"Dodge","Joe",NULL
7492,8531,"Jerry Dodgion",NULL,"Male","1932-08-29T00:00:00","USA","Richmond, California","Dodgion","Jerry","1932-08-29T00:00:00"
3758,4125,"Kees Dolle",NULL,"Male",NULL,"Europe","Holland","Dolle","Kees",NULL
9014,10164,"Bill Dolney",NULL,"Male",NULL,NULL,NULL,"Dolney","Bill",NULL
1711,1948,"Eric Dolphy",NULL,"Male","1928-06-20T00:00:00","West Coast US","Los Angeles, CA","Dolphy","Eric",NULL
1511,1718,"Alberto Dominguez",NULL,"Male","1911-04-21T00:00:00","Mexico","San Cristobal de las Casas, Chiapas, Mexico","Dominguez","Alberto",NULL
16274,18150,"Natty Dominique","Anatie Dominique","Male","1893-08-02T00:00:00","Southern US","New Orleans, Louisiana","Dominique","Natty ","1893-08-02T00:00:00"
5564,6130,"Arne Domnérus",NULL,"Male","1924-12-20T00:00:00","Sweden","Stockholm, Sweden","Domnérus","Arne","2008-09-02T00:00:00"
16847,18781,"Famoudou Don Moye",NULL,"Male","1946-05-23T00:00:00",NULL,"Rochester, NY","Don Moye","Famoudou","1946-05-23T00:00:00"
6383,7221,"Bobby Donaldson",NULL,"Male","1922-11-29T00:00:00",NULL,"Boston, MA","Donaldson","Bobby","1971-07-02T00:00:00"
3137,3469,"Walter Donaldson",NULL,"Male","1893-02-15T00:00:00",NULL,"Brooklyn, NY","Donaldson","Walter",NULL
4789,5271,"Lou Donaldson",NULL,"Male","1926-11-01T00:00:00","New York, USA","Badin, NC","Donaldson","Lou",NULL
3642,4001,"Will Donaldson",NULL,"Male","1891-04-21T00:00:00","USA","New York, New York","Donaldson","Will",NULL
18327,20341,"João Donato","João Donato de Oliveira Neto","Male","1934-08-17T00:00:00",NULL,"Rio Branco, Acre, Brazil","Donato","João","1934-08-17T00:00:00"
6607,7500,"Dorothy Donegan",NULL,"Female","1922-04-06T00:00:00","Chicago","Chicago, IL","Donegan","Dorothy","1998-05-19T00:00:00"
